id,region,district,building_name,full_address,area_pyeong,area_sqm,floor,deposit,monthly_rent,management_fee,total_monthly_cost,ceiling_height,parking_available,near_station,build_year,naver_link,data_source,score,labels,collected_at,created_at
1,서울시,종로구,종로구 상가 1,서울시 종로구 테스트동 1번지,65,214.5,4,1651,242,50,292,3.1,False,True,2010,https://land.naver.com/sample/1,test_sample,38,주차가능,2025-09-25T02:54:49.651706,2025-09-25T02:54:49.651714
2,서울시,마포구,마포구 상가 2,서울시 마포구 테스트동 2번지,68,224.4,5,1072,88,50,138,3.1,False,True,1999,https://land.naver.com/sample/2,test_sample,0,,2025-09-25T02:54:49.651727,2025-09-25T02:54:49.651728
3,서울시,강남구,강남구 상가 3,서울시 강남구 테스트동 3번지,61,201.3,3,6563,121,50,171,2.6,False,True,2011,https://land.naver.com/sample/3,test_sample,11,,2025-09-25T02:54:49.651738,2025-09-25T02:54:49.651738
4,서울시,마포구,마포구 상가 4,서울시 마포구 테스트동 4번지,44,145.2,2,724,245,50,295,3.1,False,False,2022,https://land.naver.com/sample/4,test_sample,3,"주차가능,역세권",2025-09-25T02:54:49.651745,2025-09-25T02:54:49.651746
5,서울시,마포구,마포구 상가 5,서울시 마포구 테스트동 5번지,72,237.6,10,1755,208,50,258,2.7,True,True,2016,https://land.naver.com/sample/5,test_sample,82,역세권,2025-09-25T02:54:49.651752,2025-09-25T02:54:49.651753
6,서울시,마포구,마포구 상가 6,서울시 마포구 테스트동 6번지,25,82.5,9,360,91,37,128,2.5,False,True,1996,https://land.naver.com/sample/6,test_sample,72,"주차가능,역세권",2025-09-25T02:54:49.651759,2025-09-25T02:54:49.651760
7,서울시,강남구,강남구 상가 7,서울시 강남구 테스트동 7번지,49,161.7,4,1378,102,50,152,2.7,False,False,2021,https://land.naver.com/sample/7,test_sample,61,주차가능,2025-09-25T02:54:49.651765,2025-09-25T02:54:49.651766
8,서울시,서초구,서초구 상가 8,서울시 서초구 테스트동 8번지,22,72.6,9,3054,108,33,141,2.4,False,True,2021,https://land.naver.com/sample/8,test_sample,82,역세권,2025-09-25T02:54:49.651772,2025-09-25T02:54:49.651772
9,서울시,송파구,송파구 상가 9,서울시 송파구 테스트동 9번지,79,260.7,5,3425,248,50,298,2.6,True,False,1999,https://land.naver.com/sample/9,test_sample,44,역세권,2025-09-25T02:54:49.651778,2025-09-25T02:54:49.651779
10,서울시,강남구,강남구 상가 10,서울시 강남구 테스트동 10번지,23,75.9,10,2043,409,34,443,2.7,False,False,2010,https://land.naver.com/sample/10,test_sample,30,역세권,2025-09-25T02:54:49.651787,2025-09-25T02:54:49.651788
11,서울시,종로구,종로구 상가 11,서울시 종로구 테스트동 11번지,47,155.1,0,1887,125,50,175,2.7,True,False,2021,https://land.naver.com/sample/11,test_sample,74,주차가능,2025-09-25T02:54:49.651793,2025-09-25T02:54:49.651794
12,서울시,송파구,송파구 상가 12,서울시 송파구 테스트동 12번지,66,217.8,-1,2369,111,50,161,3.0,False,True,2001,https://land.naver.com/sample/12,test_sample,97,역세권,2025-09-25T02:54:49.651800,2025-09-25T02:54:49.651801
13,서울시,서초구,서초구 상가 13,서울시 서초구 테스트동 13번지,76,250.8,7,5538,242,50,292,3.1,False,False,2022,https://land.naver.com/sample/13,test_sample,15,주차가능,2025-09-25T02:54:49.651806,2025-09-25T02:54:49.651807
14,서울시,강남구,강남구 상가 14,서울시 강남구 테스트동 14번지,34,112.2,1,7814,310,50,360,3.0,True,False,2016,https://land.naver.com/sample/14,test_sample,18,주차가능,2025-09-25T02:54:49.651813,2025-09-25T02:54:49.651813
15,서울시,송파구,송파구 상가 15,서울시 송파구 테스트동 15번지,76,250.8,9,1824,377,50,427,2.6,False,True,2016,https://land.naver.com/sample/15,test_sample,78,"주차가능,역세권",2025-09-25T02:54:49.651820,2025-09-25T02:54:49.651821
16,서울시,강남구,강남구 상가 16,서울시 강남구 테스트동 16번지,20,66.0,0,4342,123,30,153,2.7,True,False,2018,https://land.naver.com/sample/16,test_sample,73,주차가능,2025-09-25T02:54:49.651826,2025-09-25T02:54:49.651827
17,서울시,서초구,서초구 상가 17,서울시 서초구 테스트동 17번지,33,108.9,-1,3778,138,49,187,2.5,False,False,2011,https://land.naver.com/sample/17,test_sample,86,,2025-09-25T02:54:49.651833,2025-09-25T02:54:49.651833
18,서울시,마포구,마포구 상가 18,서울시 마포구 테스트동 18번지,78,257.4,3,1936,52,50,102,2.8,True,False,2014,https://land.naver.com/sample/18,test_sample,88,역세권,2025-09-25T02:54:49.651839,2025-09-25T02:54:49.651840
19,서울시,송파구,송파구 상가 19,서울시 송파구 테스트동 19번지,38,125.4,10,4749,293,50,343,3.0,False,True,2022,https://land.naver.com/sample/19,test_sample,20,역세권,2025-09-25T02:54:49.651846,2025-09-25T02:54:49.651846
20,서울시,마포구,마포구 상가 20,서울시 마포구 테스트동 20번지,63,207.9,4,629,114,50,164,3.1,False,False,2011,https://land.naver.com/sample/20,test_sample,88,주차가능,2025-09-25T02:54:49.651860,2025-09-25T02:54:49.651861
21,서울시,마포구,마포구 상가 21,서울시 마포구 테스트동 21번지,47,155.1,6,747,201,50,251,3.1,False,False,2006,https://land.naver.com/sample/21,test_sample,97,주차가능,2025-09-25T02:54:49.651870,2025-09-25T02:54:49.651871
22,서울시,서초구,서초구 상가 22,서울시 서초구 테스트동 22번지,75,247.5,7,3430,407,50,457,3.0,False,True,1996,https://land.naver.com/sample/22,test_sample,15,"주차가능,역세권",2025-09-25T02:54:49.651877,2025-09-25T02:54:49.651878
23,서울시,서초구,서초구 상가 23,서울시 서초구 테스트동 23번지,71,234.3,8,7782,360,50,410,3.0,True,False,2004,https://land.naver.com/sample/23,test_sample,35,주차가능,2025-09-25T02:54:49.651884,2025-09-25T02:54:49.651885
24,서울시,송파구,송파구 상가 24,서울시 송파구 테스트동 24번지,54,178.2,10,3095,255,50,305,2.4,True,True,1997,https://land.naver.com/sample/24,test_sample,9,주차가능,2025-09-25T02:54:49.651890,2025-09-25T02:54:49.651891
25,서울시,종로구,종로구 상가 25,서울시 종로구 테스트동 25번지,58,191.4,6,327,62,50,112,3.1,False,False,2008,https://land.naver.com/sample/25,test_sample,61,"주차가능,역세권",2025-09-25T02:54:49.651897,2025-09-25T02:54:49.651898
26,서울시,마포구,마포구 상가 26,서울시 마포구 테스트동 26번지,80,264.0,9,2444,164,50,214,2.5,False,False,2008,https://land.naver.com/sample/26,test_sample,90,"주차가능,역세권",2025-09-25T02:54:49.651903,2025-09-25T02:54:49.651904
27,서울시,서초구,서초구 상가 27,서울시 서초구 테스트동 27번지,38,125.4,5,2160,370,50,420,3.0,False,False,2023,https://land.naver.com/sample/27,test_sample,94,,2025-09-25T02:54:49.651910,2025-09-25T02:54:49.651911
28,서울시,종로구,종로구 상가 28,서울시 종로구 테스트동 28번지,59,194.7,0,2913,238,50,288,2.6,True,True,2000,https://land.naver.com/sample/28,test_sample,56,역세권,2025-09-25T02:54:49.651917,2025-09-25T02:54:49.651918
29,서울시,마포구,마포구 상가 29,서울시 마포구 테스트동 29번지,23,75.9,7,472,211,34,245,3.1,False,False,2007,https://land.naver.com/sample/29,test_sample,31,,2025-09-25T02:54:49.651923,2025-09-25T02:54:49.651924
30,서울시,송파구,송파구 상가 30,서울시 송파구 테스트동 30번지,73,240.9,-1,4679,134,50,184,3.1,True,True,2000,https://land.naver.com/sample/30,test_sample,64,역세권,2025-09-25T02:54:49.651930,2025-09-25T02:54:49.651931
31,서울시,송파구,송파구 상가 31,서울시 송파구 테스트동 31번지,57,188.1,10,2153,392,50,442,2.8,False,True,2021,https://land.naver.com/sample/31,test_sample,36,주차가능,2025-09-25T02:54:49.651939,2025-09-25T02:54:49.651940
32,서울시,송파구,송파구 상가 32,서울시 송파구 테스트동 32번지,78,257.4,3,2315,400,50,450,2.9,False,True,2009,https://land.naver.com/sample/32,test_sample,52,주차가능,2025-09-25T02:54:49.651945,2025-09-25T02:54:49.651946
33,서울시,마포구,마포구 상가 33,서울시 마포구 테스트동 33번지,31,102.3,3,2909,91,46,137,2.5,False,False,2019,https://land.naver.com/sample/33,test_sample,17,역세권,2025-09-25T02:54:49.651952,2025-09-25T02:54:49.651953
34,서울시,송파구,송파구 상가 34,서울시 송파구 테스트동 34번지,44,145.2,6,1824,366,50,416,2.4,False,False,1997,https://land.naver.com/sample/34,test_sample,44,,2025-09-25T02:54:49.651958,2025-09-25T02:54:49.651959
35,서울시,강남구,강남구 상가 35,서울시 강남구 테스트동 35번지,73,240.9,8,4306,153,50,203,2.4,False,True,2008,https://land.naver.com/sample/35,test_sample,79,"주차가능,역세권",2025-09-25T02:54:49.651965,2025-09-25T02:54:49.651966
36,서울시,강남구,강남구 상가 36,서울시 강남구 테스트동 36번지,45,148.5,4,2849,411,50,461,2.9,True,False,2001,https://land.naver.com/sample/36,test_sample,43,역세권,2025-09-25T02:54:49.651971,2025-09-25T02:54:49.651972
37,서울시,강남구,강남구 상가 37,서울시 강남구 테스트동 37번지,62,204.6,10,5681,468,50,518,3.0,True,True,2014,https://land.naver.com/sample/37,test_sample,23,주차가능,2025-09-25T02:54:49.651978,2025-09-25T02:54:49.651979
38,서울시,종로구,종로구 상가 38,서울시 종로구 테스트동 38번지,11,36.3,-1,2710,212,16,228,2.9,True,True,2022,https://land.naver.com/sample/38,test_sample,48,,2025-09-25T02:54:49.651984,2025-09-25T02:54:49.651985
39,서울시,서초구,서초구 상가 39,서울시 서초구 테스트동 39번지,64,211.2,10,5206,197,50,247,2.8,False,True,2020,https://land.naver.com/sample/39,test_sample,91,역세권,2025-09-25T02:54:49.651991,2025-09-25T02:54:49.651991
40,서울시,마포구,마포구 상가 40,서울시 마포구 테스트동 40번지,70,231.0,4,1770,200,50,250,3.1,True,False,2001,https://land.naver.com/sample/40,test_sample,83,"주차가능,역세권",2025-09-25T02:54:49.651997,2025-09-25T02:54:49.651997
41,서울시,서초구,서초구 상가 41,서울시 서초구 테스트동 41번지,45,148.5,6,1688,346,50,396,2.8,True,True,1997,https://land.naver.com/sample/41,test_sample,57,,2025-09-25T02:54:49.652003,2025-09-25T02:54:49.652004
42,서울시,송파구,송파구 상가 42,서울시 송파구 테스트동 42번지,74,244.2,2,4309,260,50,310,3.1,False,True,2005,https://land.naver.com/sample/42,test_sample,30,,2025-09-25T02:54:49.652011,2025-09-25T02:54:49.652012
43,서울시,송파구,송파구 상가 43,서울시 송파구 테스트동 43번지,59,194.7,-1,4107,199,50,249,3.1,False,False,2007,https://land.naver.com/sample/43,test_sample,29,주차가능,2025-09-25T02:54:49.652018,2025-09-25T02:54:49.652018
44,서울시,서초구,서초구 상가 44,서울시 서초구 테스트동 44번지,39,128.7,0,2413,222,50,272,2.4,True,True,2008,https://land.naver.com/sample/44,test_sample,0,역세권,2025-09-25T02:54:49.652024,2025-09-25T02:54:49.652025
45,서울시,서초구,서초구 상가 45,서울시 서초구 테스트동 45번지,47,155.1,8,6728,319,50,369,2.9,False,False,2001,https://land.naver.com/sample/45,test_sample,59,역세권,2025-09-25T02:54:49.652030,2025-09-25T02:54:49.652031
46,서울시,마포구,마포구 상가 46,서울시 마포구 테스트동 46번지,36,118.8,4,663,220,50,270,2.6,True,False,2014,https://land.naver.com/sample/46,test_sample,87,,2025-09-25T02:54:49.652037,2025-09-25T02:54:49.652037
47,서울시,종로구,종로구 상가 47,서울시 종로구 테스트동 47번지,48,158.4,6,1950,206,50,256,2.7,True,False,2016,https://land.naver.com/sample/47,test_sample,52,역세권,2025-09-25T02:54:49.652043,2025-09-25T02:54:49.652044
48,서울시,마포구,마포구 상가 48,서울시 마포구 테스트동 48번지,36,118.8,5,2866,82,50,132,2.4,False,True,2001,https://land.naver.com/sample/48,test_sample,79,"주차가능,역세권",2025-09-25T02:54:49.652049,2025-09-25T02:54:49.652050
49,서울시,강남구,강남구 상가 49,서울시 강남구 테스트동 49번지,39,128.7,9,2653,465,50,515,3.1,False,False,1999,https://land.naver.com/sample/49,test_sample,59,주차가능,2025-09-25T02:54:49.652055,2025-09-25T02:54:49.652056
50,서울시,종로구,종로구 상가 50,서울시 종로구 테스트동 50번지,48,158.4,0,1322,176,50,226,3.2,True,True,2012,https://land.naver.com/sample/50,test_sample,93,,2025-09-25T02:54:49.652061,2025-09-25T02:54:49.652062
51,서울시,서초구,서초구 상가 51,서울시 서초구 테스트동 51번지,46,151.8,7,1679,155,50,205,2.5,True,False,2017,https://land.naver.com/sample/51,test_sample,7,"주차가능,역세권",2025-09-25T02:54:49.652067,2025-09-25T02:54:49.652068
52,서울시,강남구,강남구 상가 52,서울시 강남구 테스트동 52번지,74,244.2,9,7838,283,50,333,2.7,False,False,2008,https://land.naver.com/sample/52,test_sample,41,"주차가능,역세권",2025-09-25T02:54:49.652073,2025-09-25T02:54:49.652074
53,서울시,종로구,종로구 상가 53,서울시 종로구 테스트동 53번지,78,257.4,2,1150,217,50,267,2.9,False,False,2020,https://land.naver.com/sample/53,test_sample,97,주차가능,2025-09-25T02:54:49.652079,2025-09-25T02:54:49.652080
54,서울시,마포구,마포구 상가 54,서울시 마포구 테스트동 54번지,79,260.7,7,1010,84,50,134,2.5,False,True,1998,https://land.naver.com/sample/54,test_sample,74,주차가능,2025-09-25T02:54:49.652086,2025-09-25T02:54:49.652087
55,서울시,송파구,송파구 상가 55,서울시 송파구 테스트동 55번지,47,155.1,0,742,266,50,316,2.8,True,True,2000,https://land.naver.com/sample/55,test_sample,65,주차가능,2025-09-25T02:54:49.652092,2025-09-25T02:54:49.652093
56,서울시,서초구,서초구 상가 56,서울시 서초구 테스트동 56번지,30,99.0,0,2189,286,45,331,2.7,True,False,2004,https://land.naver.com/sample/56,test_sample,60,역세권,2025-09-25T02:54:49.652101,2025-09-25T02:54:49.652101
57,서울시,마포구,마포구 상가 57,서울시 마포구 테스트동 57번지,60,198.0,4,1062,211,50,261,2.9,True,False,2016,https://land.naver.com/sample/57,test_sample,32,"주차가능,역세권",2025-09-25T02:54:49.652107,2025-09-25T02:54:49.652108
58,서울시,송파구,송파구 상가 58,서울시 송파구 테스트동 58번지,68,224.4,4,1518,266,50,316,2.5,True,True,1998,https://land.naver.com/sample/58,test_sample,15,,2025-09-25T02:54:49.652114,2025-09-25T02:54:49.652114
59,서울시,마포구,마포구 상가 59,서울시 마포구 테스트동 59번지,61,201.3,1,795,59,50,109,3.1,False,False,2017,https://land.naver.com/sample/59,test_sample,64,"주차가능,역세권",2025-09-25T02:54:49.652120,2025-09-25T02:54:49.652121
60,서울시,송파구,송파구 상가 60,서울시 송파구 테스트동 60번지,66,217.8,4,4198,314,50,364,2.6,False,True,2011,https://land.naver.com/sample/60,test_sample,96,역세권,2025-09-25T02:54:49.652126,2025-09-25T02:54:49.652127
61,서울시,강남구,강남구 상가 61,서울시 강남구 테스트동 61번지,25,82.5,6,1574,369,37,406,2.3,False,False,1997,https://land.naver.com/sample/61,test_sample,69,"주차가능,역세권",2025-09-25T02:54:49.652132,2025-09-25T02:54:49.652133
62,서울시,서초구,서초구 상가 62,서울시 서초구 테스트동 62번지,11,36.3,0,5333,329,16,345,2.6,True,True,1999,https://land.naver.com/sample/62,test_sample,76,"주차가능,역세권",2025-09-25T02:54:49.652138,2025-09-25T02:54:49.652139
63,서울시,마포구,마포구 상가 63,서울시 마포구 테스트동 63번지,61,201.3,3,735,213,50,263,3.1,False,True,2019,https://land.naver.com/sample/63,test_sample,34,"주차가능,역세권",2025-09-25T02:54:49.652146,2025-09-25T02:54:49.652147
64,서울시,강남구,강남구 상가 64,서울시 강남구 테스트동 64번지,63,207.9,7,7799,401,50,451,2.6,False,False,2009,https://land.naver.com/sample/64,test_sample,23,주차가능,2025-09-25T02:54:49.652152,2025-09-25T02:54:49.652153
65,서울시,서초구,서초구 상가 65,서울시 서초구 테스트동 65번지,19,62.7,2,2020,421,28,449,2.5,False,False,2001,https://land.naver.com/sample/65,test_sample,6,,2025-09-25T02:54:49.652159,2025-09-25T02:54:49.652159
66,서울시,서초구,서초구 상가 66,서울시 서초구 테스트동 66번지,64,211.2,-1,2265,400,50,450,2.8,True,True,2010,https://land.naver.com/sample/66,test_sample,49,주차가능,2025-09-25T02:54:49.652165,2025-09-25T02:54:49.652166
67,서울시,종로구,종로구 상가 67,서울시 종로구 테스트동 67번지,31,102.3,8,1643,204,46,250,2.8,True,True,2011,https://land.naver.com/sample/67,test_sample,15,주차가능,2025-09-25T02:54:49.652172,2025-09-25T02:54:49.652172
68,서울시,강남구,강남구 상가 68,서울시 강남구 테스트동 68번지,11,36.3,5,1664,487,16,503,2.5,False,False,2021,https://land.naver.com/sample/68,test_sample,11,,2025-09-25T02:54:49.652178,2025-09-25T02:54:49.652179
69,서울시,마포구,마포구 상가 69,서울시 마포구 테스트동 69번지,73,240.9,4,2212,154,50,204,2.7,True,False,1996,https://land.naver.com/sample/69,test_sample,48,"주차가능,역세권",2025-09-25T02:54:49.652184,2025-09-25T02:54:49.652185
70,서울시,강남구,강남구 상가 70,서울시 강남구 테스트동 70번지,67,221.1,0,3226,179,50,229,3.0,True,False,2003,https://land.naver.com/sample/70,test_sample,63,주차가능,2025-09-25T02:54:49.652191,2025-09-25T02:54:49.652191
71,서울시,종로구,종로구 상가 71,서울시 종로구 테스트동 71번지,20,66.0,2,1780,51,30,81,3.0,False,False,2003,https://land.naver.com/sample/71,test_sample,48,주차가능,2025-09-25T02:54:49.652197,2025-09-25T02:54:49.652198
72,서울시,종로구,종로구 상가 72,서울시 종로구 테스트동 72번지,59,194.7,6,1308,131,50,181,3.2,False,True,2006,https://land.naver.com/sample/72,test_sample,73,,2025-09-25T02:54:49.652205,2025-09-25T02:54:49.652206
73,서울시,종로구,종로구 상가 73,서울시 종로구 테스트동 73번지,72,237.6,1,2325,165,50,215,2.7,False,False,2007,https://land.naver.com/sample/73,test_sample,39,주차가능,2025-09-25T02:54:49.652211,2025-09-25T02:54:49.652212
74,서울시,송파구,송파구 상가 74,서울시 송파구 테스트동 74번지,46,151.8,6,4253,91,50,141,2.9,True,False,2017,https://land.naver.com/sample/74,test_sample,32,,2025-09-25T02:54:49.652218,2025-09-25T02:54:49.652218
75,서울시,송파구,송파구 상가 75,서울시 송파구 테스트동 75번지,37,122.1,1,4454,167,50,217,2.8,False,False,2016,https://land.naver.com/sample/75,test_sample,26,주차가능,2025-09-25T02:54:49.652224,2025-09-25T02:54:49.652225
76,서울시,종로구,종로구 상가 76,서울시 종로구 테스트동 76번지,19,62.7,1,2599,181,28,209,2.5,True,True,2022,https://land.naver.com/sample/76,test_sample,70,"주차가능,역세권",2025-09-25T02:54:49.652230,2025-09-25T02:54:49.652231
77,서울시,서초구,서초구 상가 77,서울시 서초구 테스트동 77번지,26,85.8,3,3482,447,39,486,2.8,False,False,1995,https://land.naver.com/sample/77,test_sample,67,주차가능,2025-09-25T02:54:49.652237,2025-09-25T02:54:49.652238
78,서울시,강남구,강남구 상가 78,서울시 강남구 테스트동 78번지,11,36.3,-1,2095,246,16,262,2.8,False,False,2010,https://land.naver.com/sample/78,test_sample,23,"주차가능,역세권",2025-09-25T02:54:49.652244,2025-09-25T02:54:49.652245
79,서울시,서초구,서초구 상가 79,서울시 서초구 테스트동 79번지,18,59.4,9,7189,342,27,369,2.9,True,False,2005,https://land.naver.com/sample/79,test_sample,67,역세권,2025-09-25T02:54:49.652250,2025-09-25T02:54:49.652251
80,서울시,강남구,강남구 상가 80,서울시 강남구 테스트동 80번지,29,95.7,3,3794,375,43,418,2.7,False,False,2001,https://land.naver.com/sample/80,test_sample,84,,2025-09-25T02:54:49.652257,2025-09-25T02:54:49.652257
81,서울시,서초구,서초구 상가 81,서울시 서초구 테스트동 81번지,21,69.3,0,5457,280,31,311,2.8,False,False,2006,https://land.naver.com/sample/81,test_sample,68,역세권,2025-09-25T02:54:49.652263,2025-09-25T02:54:49.652264
82,서울시,송파구,송파구 상가 82,서울시 송파구 테스트동 82번지,46,151.8,7,2230,169,50,219,2.6,True,True,1999,https://land.naver.com/sample/82,test_sample,44,"주차가능,역세권",2025-09-25T02:54:49.652269,2025-09-25T02:54:49.652270
83,서울시,종로구,종로구 상가 83,서울시 종로구 테스트동 83번지,75,247.5,4,444,242,50,292,3.1,True,True,2010,https://land.naver.com/sample/83,test_sample,65,,2025-09-25T02:54:49.652276,2025-09-25T02:54:49.652277
84,서울시,강남구,강남구 상가 84,서울시 강남구 테스트동 84번지,70,231.0,3,4151,442,50,492,2.6,True,True,2023,https://land.naver.com/sample/84,test_sample,60,,2025-09-25T02:54:49.652283,2025-09-25T02:54:49.652284
85,서울시,종로구,종로구 상가 85,서울시 종로구 테스트동 85번지,36,118.8,0,2108,152,50,202,2.9,False,True,2001,https://land.naver.com/sample/85,test_sample,27,주차가능,2025-09-25T02:54:49.652290,2025-09-25T02:54:49.652290
86,서울시,강남구,강남구 상가 86,서울시 강남구 테스트동 86번지,66,217.8,-1,7499,391,50,441,2.9,True,False,2023,https://land.naver.com/sample/86,test_sample,99,,2025-09-25T02:54:49.652296,2025-09-25T02:54:49.652296
87,서울시,송파구,송파구 상가 87,서울시 송파구 테스트동 87번지,21,69.3,3,3335,342,31,373,2.6,True,True,2003,https://land.naver.com/sample/87,test_sample,25,,2025-09-25T02:54:49.652302,2025-09-25T02:54:49.652302
88,서울시,강남구,강남구 상가 88,서울시 강남구 테스트동 88번지,32,105.6,4,4297,337,48,385,2.6,False,True,1996,https://land.naver.com/sample/88,test_sample,16,역세권,2025-09-25T02:54:49.652308,2025-09-25T02:54:49.652309
89,서울시,강남구,강남구 상가 89,서울시 강남구 테스트동 89번지,39,128.7,0,1202,210,50,260,3.2,False,False,1999,https://land.naver.com/sample/89,test_sample,84,역세권,2025-09-25T02:54:49.652314,2025-09-25T02:54:49.652315
90,서울시,종로구,종로구 상가 90,서울시 종로구 테스트동 90번지,14,46.2,1,1301,149,21,170,3.0,True,True,2001,https://land.naver.com/sample/90,test_sample,9,"주차가능,역세권",2025-09-25T02:54:49.652320,2025-09-25T02:54:49.652321
91,서울시,강남구,강남구 상가 91,서울시 강남구 테스트동 91번지,74,244.2,4,5017,120,50,170,2.8,True,True,2011,https://land.naver.com/sample/91,test_sample,4,역세권,2025-09-25T02:54:49.652327,2025-09-25T02:54:49.652327
92,서울시,마포구,마포구 상가 92,서울시 마포구 테스트동 92번지,13,42.9,8,1370,112,19,131,3.1,True,False,2016,https://land.naver.com/sample/92,test_sample,51,,2025-09-25T02:54:49.652333,2025-09-25T02:54:49.652333
93,서울시,송파구,송파구 상가 93,서울시 송파구 테스트동 93번지,43,141.9,1,2592,117,50,167,2.6,True,True,2016,https://land.naver.com/sample/93,test_sample,43,"주차가능,역세권",2025-09-25T02:54:49.652339,2025-09-25T02:54:49.652339
94,서울시,마포구,마포구 상가 94,서울시 마포구 테스트동 94번지,49,161.7,9,998,76,50,126,2.9,True,False,2009,https://land.naver.com/sample/94,test_sample,77,주차가능,2025-09-25T02:54:49.652345,2025-09-25T02:54:49.652346
95,서울시,강남구,강남구 상가 95,서울시 강남구 테스트동 95번지,14,46.2,6,1161,219,21,240,3.0,True,True,2010,https://land.naver.com/sample/95,test_sample,99,역세권,2025-09-25T02:54:49.652351,2025-09-25T02:54:49.652352
96,서울시,종로구,종로구 상가 96,서울시 종로구 테스트동 96번지,29,95.7,7,1091,128,43,171,2.5,True,False,2017,https://land.naver.com/sample/96,test_sample,4,"주차가능,역세권",2025-09-25T02:54:49.652357,2025-09-25T02:54:49.652358
97,서울시,송파구,송파구 상가 97,서울시 송파구 테스트동 97번지,75,247.5,4,2251,115,50,165,2.5,False,True,2007,https://land.naver.com/sample/97,test_sample,93,,2025-09-25T02:54:49.652364,2025-09-25T02:54:49.652365
98,서울시,종로구,종로구 상가 98,서울시 종로구 테스트동 98번지,14,46.2,8,1045,139,21,160,3.0,True,False,2023,https://land.naver.com/sample/98,test_sample,4,"주차가능,역세권",2025-09-25T02:54:49.652370,2025-09-25T02:54:49.652371
99,서울시,서초구,서초구 상가 99,서울시 서초구 테스트동 99번지,27,89.1,2,5704,256,40,296,2.5,True,False,1999,https://land.naver.com/sample/99,test_sample,81,"주차가능,역세권",2025-09-25T02:54:49.652376,2025-09-25T02:54:49.652377
100,서울시,종로구,종로구 상가 100,서울시 종로구 테스트동 100번지,56,184.8,5,2022,99,50,149,2.7,False,True,2003,https://land.naver.com/sample/100,test_sample,10,주차가능,2025-09-25T02:54:49.652383,2025-09-25T02:54:49.652384
101,서울시,서초구,서초구 상가 101,서울시 서초구 테스트동 101번지,29,95.7,7,3823,464,43,507,2.8,True,True,2010,https://land.naver.com/sample/101,test_sample,14,주차가능,2025-09-25T02:54:49.652390,2025-09-25T02:54:49.652390
102,서울시,서초구,서초구 상가 102,서울시 서초구 테스트동 102번지,64,211.2,7,3542,295,50,345,2.6,True,True,1997,https://land.naver.com/sample/102,test_sample,60,주차가능,2025-09-25T02:54:49.652396,2025-09-25T02:54:49.652396
103,서울시,종로구,종로구 상가 103,서울시 종로구 테스트동 103번지,42,138.6,2,2661,157,50,207,2.8,True,True,2001,https://land.naver.com/sample/103,test_sample,1,주차가능,2025-09-25T02:54:49.652403,2025-09-25T02:54:49.652403
104,서울시,종로구,종로구 상가 104,서울시 종로구 테스트동 104번지,35,115.5,3,1077,117,50,167,2.8,False,True,2009,https://land.naver.com/sample/104,test_sample,96,주차가능,2025-09-25T02:54:49.652409,2025-09-25T02:54:49.652410
105,서울시,서초구,서초구 상가 105,서울시 서초구 테스트동 105번지,78,257.4,9,7186,119,50,169,2.9,True,False,2012,https://land.naver.com/sample/105,test_sample,48,주차가능,2025-09-25T02:54:49.652417,2025-09-25T02:54:49.652417
106,서울시,종로구,종로구 상가 106,서울시 종로구 테스트동 106번지,50,165.0,2,1133,187,50,237,3.0,False,False,1998,https://land.naver.com/sample/106,test_sample,84,주차가능,2025-09-25T02:54:49.652423,2025-09-25T02:54:49.652424
107,서울시,강남구,강남구 상가 107,서울시 강남구 테스트동 107번지,75,247.5,9,2998,404,50,454,3.2,False,True,2007,https://land.naver.com/sample/107,test_sample,12,,2025-09-25T02:54:49.652430,2025-09-25T02:54:49.652431
108,서울시,종로구,종로구 상가 108,서울시 종로구 테스트동 108번지,32,105.6,0,2057,225,48,273,2.9,True,True,2009,https://land.naver.com/sample/108,test_sample,7,역세권,2025-09-25T02:54:49.652436,2025-09-25T02:54:49.652437
109,서울시,서초구,서초구 상가 109,서울시 서초구 테스트동 109번지,68,224.4,5,1488,253,50,303,2.9,True,True,1997,https://land.naver.com/sample/109,test_sample,40,주차가능,2025-09-25T02:54:49.652443,2025-09-25T02:54:49.652444
110,서울시,서초구,서초구 상가 110,서울시 서초구 테스트동 110번지,76,250.8,3,5607,378,50,428,3.0,True,False,1997,https://land.naver.com/sample/110,test_sample,40,역세권,2025-09-25T02:54:49.652450,2025-09-25T02:54:49.652451
111,서울시,종로구,종로구 상가 111,서울시 종로구 테스트동 111번지,61,201.3,3,1651,93,50,143,2.8,False,True,1996,https://land.naver.com/sample/111,test_sample,20,주차가능,2025-09-25T02:54:49.652457,2025-09-25T02:54:49.652457
112,서울시,마포구,마포구 상가 112,서울시 마포구 테스트동 112번지,28,92.4,4,1285,114,42,156,3.1,True,False,2008,https://land.naver.com/sample/112,test_sample,45,역세권,2025-09-25T02:54:49.652463,2025-09-25T02:54:49.652464
113,서울시,마포구,마포구 상가 113,서울시 마포구 테스트동 113번지,62,204.6,0,741,130,50,180,2.4,False,True,2008,https://land.naver.com/sample/113,test_sample,44,,2025-09-25T02:54:49.652470,2025-09-25T02:54:49.652471
114,서울시,마포구,마포구 상가 114,서울시 마포구 테스트동 114번지,58,191.4,4,1233,150,50,200,2.5,True,True,2002,https://land.naver.com/sample/114,test_sample,35,주차가능,2025-09-25T02:54:49.652478,2025-09-25T02:54:49.652479
115,서울시,서초구,서초구 상가 115,서울시 서초구 테스트동 115번지,49,161.7,3,1708,467,50,517,3.0,False,False,2021,https://land.naver.com/sample/115,test_sample,50,,2025-09-25T02:54:49.652485,2025-09-25T02:54:49.652486
116,서울시,마포구,마포구 상가 116,서울시 마포구 테스트동 116번지,19,62.7,-1,660,90,28,118,2.7,True,True,2015,https://land.naver.com/sample/116,test_sample,49,역세권,2025-09-25T02:54:49.652492,2025-09-25T02:54:49.652492
117,서울시,송파구,송파구 상가 117,서울시 송파구 테스트동 117번지,47,155.1,6,3376,388,50,438,2.5,False,False,2015,https://land.naver.com/sample/117,test_sample,29,주차가능,2025-09-25T02:54:49.652498,2025-09-25T02:54:49.652499
118,서울시,서초구,서초구 상가 118,서울시 서초구 테스트동 118번지,53,174.9,10,2722,108,50,158,2.9,True,True,2012,https://land.naver.com/sample/118,test_sample,57,역세권,2025-09-25T02:54:49.652504,2025-09-25T02:54:49.652505
119,서울시,송파구,송파구 상가 119,서울시 송파구 테스트동 119번지,68,224.4,3,3963,114,50,164,2.6,False,False,2006,https://land.naver.com/sample/119,test_sample,73,,2025-09-25T02:54:49.652511,2025-09-25T02:54:49.652512
120,서울시,마포구,마포구 상가 120,서울시 마포구 테스트동 120번지,62,204.6,5,757,101,50,151,2.9,False,False,1997,https://land.naver.com/sample/120,test_sample,91,"주차가능,역세권",2025-09-25T02:54:49.652517,2025-09-25T02:54:49.652518
121,서울시,마포구,마포구 상가 121,서울시 마포구 테스트동 121번지,73,240.9,6,1518,247,50,297,2.4,False,False,2012,https://land.naver.com/sample/121,test_sample,66,"주차가능,역세권",2025-09-25T02:54:49.652524,2025-09-25T02:54:49.652525
122,서울시,송파구,송파구 상가 122,서울시 송파구 테스트동 122번지,36,118.8,2,2243,184,50,234,2.6,True,True,2023,https://land.naver.com/sample/122,test_sample,60,주차가능,2025-09-25T02:54:49.652530,2025-09-25T02:54:49.652531
123,서울시,종로구,종로구 상가 123,서울시 종로구 테스트동 123번지,47,155.1,4,591,161,50,211,2.8,False,True,2020,https://land.naver.com/sample/123,test_sample,49,역세권,2025-09-25T02:54:49.652538,2025-09-25T02:54:49.652539
124,서울시,강남구,강남구 상가 124,서울시 강남구 테스트동 124번지,31,102.3,4,3435,497,46,543,2.7,True,True,2013,https://land.naver.com/sample/124,test_sample,39,,2025-09-25T02:54:49.652544,2025-09-25T02:54:49.652545
125,서울시,종로구,종로구 상가 125,서울시 종로구 테스트동 125번지,71,234.3,6,2515,53,50,103,2.8,True,True,2015,https://land.naver.com/sample/125,test_sample,21,주차가능,2025-09-25T02:54:49.652551,2025-09-25T02:54:49.652552
126,서울시,마포구,마포구 상가 126,서울시 마포구 테스트동 126번지,61,201.3,7,2687,171,50,221,2.6,False,False,2011,https://land.naver.com/sample/126,test_sample,54,역세권,2025-09-25T02:54:49.652557,2025-09-25T02:54:49.652558
127,서울시,마포구,마포구 상가 127,서울시 마포구 테스트동 127번지,50,165.0,-1,2401,58,50,108,2.7,True,False,2011,https://land.naver.com/sample/127,test_sample,69,,2025-09-25T02:54:49.652565,2025-09-25T02:54:49.652565
128,서울시,서초구,서초구 상가 128,서울시 서초구 테스트동 128번지,30,99.0,3,6234,195,45,240,3.1,False,False,2013,https://land.naver.com/sample/128,test_sample,6,"주차가능,역세권",2025-09-25T02:54:49.652571,2025-09-25T02:54:49.652572
129,서울시,강남구,강남구 상가 129,서울시 강남구 테스트동 129번지,13,42.9,10,7715,229,19,248,2.9,True,True,2022,https://land.naver.com/sample/129,test_sample,57,역세권,2025-09-25T02:54:49.652577,2025-09-25T02:54:49.652578
130,서울시,종로구,종로구 상가 130,서울시 종로구 테스트동 130번지,77,254.1,2,1797,121,50,171,2.8,True,False,2023,https://land.naver.com/sample/130,test_sample,39,"주차가능,역세권",2025-09-25T02:54:49.652584,2025-09-25T02:54:49.652585
131,서울시,마포구,마포구 상가 131,서울시 마포구 테스트동 131번지,67,221.1,9,2271,127,50,177,2.8,False,True,2022,https://land.naver.com/sample/131,test_sample,89,,2025-09-25T02:54:49.652591,2025-09-25T02:54:49.652591
132,서울시,강남구,강남구 상가 132,서울시 강남구 테스트동 132번지,43,141.9,-1,6302,244,50,294,2.9,False,True,2015,https://land.naver.com/sample/132,test_sample,84,"주차가능,역세권",2025-09-25T02:54:49.652597,2025-09-25T02:54:49.652598
133,서울시,서초구,서초구 상가 133,서울시 서초구 테스트동 133번지,62,204.6,1,1612,390,50,440,2.4,False,False,1996,https://land.naver.com/sample/133,test_sample,23,역세권,2025-09-25T02:54:49.652603,2025-09-25T02:54:49.652604
134,서울시,강남구,강남구 상가 134,서울시 강남구 테스트동 134번지,79,260.7,6,7843,325,50,375,2.9,True,False,2023,https://land.naver.com/sample/134,test_sample,16,역세권,2025-09-25T02:54:49.652609,2025-09-25T02:54:49.652609
135,서울시,종로구,종로구 상가 135,서울시 종로구 테스트동 135번지,23,75.9,3,594,161,34,195,2.7,False,False,1999,https://land.naver.com/sample/135,test_sample,12,주차가능,2025-09-25T02:54:49.652615,2025-09-25T02:54:49.652616
136,서울시,마포구,마포구 상가 136,서울시 마포구 테스트동 136번지,49,161.7,6,2006,196,50,246,3.1,False,True,2006,https://land.naver.com/sample/136,test_sample,59,역세권,2025-09-25T02:54:49.652622,2025-09-25T02:54:49.652622
137,서울시,송파구,송파구 상가 137,서울시 송파구 테스트동 137번지,57,188.1,10,2552,254,50,304,2.5,False,True,1997,https://land.naver.com/sample/137,test_sample,56,주차가능,2025-09-25T02:54:49.652628,2025-09-25T02:54:49.652629
138,서울시,마포구,마포구 상가 138,서울시 마포구 테스트동 138번지,77,254.1,2,2682,77,50,127,2.6,True,True,2005,https://land.naver.com/sample/138,test_sample,59,주차가능,2025-09-25T02:54:49.652634,2025-09-25T02:54:49.652635
139,서울시,강남구,강남구 상가 139,서울시 강남구 테스트동 139번지,45,148.5,1,6294,366,50,416,2.5,False,False,2001,https://land.naver.com/sample/139,test_sample,94,역세권,2025-09-25T02:54:49.652640,2025-09-25T02:54:49.652641
140,서울시,강남구,강남구 상가 140,서울시 강남구 테스트동 140번지,39,128.7,10,1227,315,50,365,2.5,False,True,1998,https://land.naver.com/sample/140,test_sample,56,"주차가능,역세권",2025-09-25T02:54:49.652647,2025-09-25T02:54:49.652647
141,서울시,서초구,서초구 상가 141,서울시 서초구 테스트동 141번지,48,158.4,0,7236,208,50,258,2.9,False,False,1996,https://land.naver.com/sample/141,test_sample,35,역세권,2025-09-25T02:54:49.652653,2025-09-25T02:54:49.652654
142,서울시,마포구,마포구 상가 142,서울시 마포구 테스트동 142번지,79,260.7,8,2359,64,50,114,3.1,False,False,2007,https://land.naver.com/sample/142,test_sample,52,역세권,2025-09-25T02:54:49.652659,2025-09-25T02:54:49.652660
143,서울시,서초구,서초구 상가 143,서울시 서초구 테스트동 143번지,76,250.8,3,7543,259,50,309,3.0,True,False,1999,https://land.naver.com/sample/143,test_sample,51,,2025-09-25T02:54:49.652665,2025-09-25T02:54:49.652666
144,서울시,강남구,강남구 상가 144,서울시 강남구 테스트동 144번지,48,158.4,3,1939,233,50,283,3.1,True,True,2000,https://land.naver.com/sample/144,test_sample,90,주차가능,2025-09-25T02:54:49.652671,2025-09-25T02:54:49.652672
145,서울시,서초구,서초구 상가 145,서울시 서초구 테스트동 145번지,59,194.7,3,2149,233,50,283,3.0,False,True,2017,https://land.naver.com/sample/145,test_sample,41,역세권,2025-09-25T02:54:49.652678,2025-09-25T02:54:49.652678
146,서울시,서초구,서초구 상가 146,서울시 서초구 테스트동 146번지,68,224.4,-1,3778,383,50,433,2.8,True,True,2012,https://land.naver.com/sample/146,test_sample,64,주차가능,2025-09-25T02:54:49.652684,2025-09-25T02:54:49.652684
147,서울시,종로구,종로구 상가 147,서울시 종로구 테스트동 147번지,64,211.2,10,2929,112,50,162,2.6,True,True,2002,https://land.naver.com/sample/147,test_sample,46,"주차가능,역세권",2025-09-25T02:54:49.652690,2025-09-25T02:54:49.652690
148,서울시,종로구,종로구 상가 148,서울시 종로구 테스트동 148번지,50,165.0,8,2140,168,50,218,2.3,True,True,1997,https://land.naver.com/sample/148,test_sample,29,"주차가능,역세권",2025-09-25T02:54:49.652698,2025-09-25T02:54:49.652698
149,서울시,서초구,서초구 상가 149,서울시 서초구 테스트동 149번지,77,254.1,5,2349,196,50,246,2.7,True,True,2012,https://land.naver.com/sample/149,test_sample,33,역세권,2025-09-25T02:54:49.652704,2025-09-25T02:54:49.652704
150,서울시,서초구,서초구 상가 150,서울시 서초구 테스트동 150번지,24,79.2,10,1717,171,36,207,2.7,False,True,2002,https://land.naver.com/sample/150,test_sample,100,역세권,2025-09-25T02:54:49.652710,2025-09-25T02:54:49.652711
151,서울시,강남구,강남구 상가 151,서울시 강남구 테스트동 151번지,71,234.3,5,5106,464,50,514,3.0,False,False,2018,https://land.naver.com/sample/151,test_sample,45,역세권,2025-09-25T02:54:49.652717,2025-09-25T02:54:49.652718
152,서울시,송파구,송파구 상가 152,서울시 송파구 테스트동 152번지,61,201.3,6,4461,140,50,190,3.1,True,True,2007,https://land.naver.com/sample/152,test_sample,79,주차가능,2025-09-25T02:54:49.652723,2025-09-25T02:54:49.652724
153,서울시,서초구,서초구 상가 153,서울시 서초구 테스트동 153번지,79,260.7,1,1359,345,50,395,2.6,True,True,1996,https://land.naver.com/sample/153,test_sample,69,,2025-09-25T02:54:49.652729,2025-09-25T02:54:49.652730
154,서울시,송파구,송파구 상가 154,서울시 송파구 테스트동 154번지,19,62.7,1,3857,295,28,323,2.3,False,False,2001,https://land.naver.com/sample/154,test_sample,32,역세권,2025-09-25T02:54:49.652736,2025-09-25T02:54:49.652737
155,서울시,강남구,강남구 상가 155,서울시 강남구 테스트동 155번지,66,217.8,10,5465,234,50,284,2.4,False,False,2010,https://land.naver.com/sample/155,test_sample,80,,2025-09-25T02:54:49.652742,2025-09-25T02:54:49.652743
156,서울시,서초구,서초구 상가 156,서울시 서초구 테스트동 156번지,73,240.9,6,5843,336,50,386,2.6,True,False,2008,https://land.naver.com/sample/156,test_sample,91,,2025-09-25T02:54:49.652749,2025-09-25T02:54:49.652749
157,서울시,송파구,송파구 상가 157,서울시 송파구 테스트동 157번지,25,82.5,4,4898,382,37,419,2.3,False,True,2023,https://land.naver.com/sample/157,test_sample,78,역세권,2025-09-25T02:54:49.652755,2025-09-25T02:54:49.652756
158,서울시,종로구,종로구 상가 158,서울시 종로구 테스트동 158번지,28,92.4,9,882,201,42,243,2.7,False,True,2019,https://land.naver.com/sample/158,test_sample,99,역세권,2025-09-25T02:54:49.652762,2025-09-25T02:54:49.652762
159,서울시,강남구,강남구 상가 159,서울시 강남구 테스트동 159번지,75,247.5,7,2315,125,50,175,2.6,False,True,2011,https://land.naver.com/sample/159,test_sample,45,역세권,2025-09-25T02:54:49.652768,2025-09-25T02:54:49.652768
160,서울시,종로구,종로구 상가 160,서울시 종로구 테스트동 160번지,29,95.7,7,2793,86,43,129,2.5,False,True,2013,https://land.naver.com/sample/160,test_sample,66,"주차가능,역세권",2025-09-25T02:54:49.652774,2025-09-25T02:54:49.652775
161,서울시,강남구,강남구 상가 161,서울시 강남구 테스트동 161번지,76,250.8,1,6214,128,50,178,3.1,True,False,2020,https://land.naver.com/sample/161,test_sample,33,"주차가능,역세권",2025-09-25T02:54:49.652780,2025-09-25T02:54:49.652781
162,서울시,송파구,송파구 상가 162,서울시 송파구 테스트동 162번지,20,66.0,-1,1219,90,30,120,2.6,False,False,2009,https://land.naver.com/sample/162,test_sample,74,"주차가능,역세권",2025-09-25T02:54:49.652789,2025-09-25T02:54:49.652789
163,서울시,종로구,종로구 상가 163,서울시 종로구 테스트동 163번지,67,221.1,-1,790,94,50,144,2.5,False,True,2010,https://land.naver.com/sample/163,test_sample,64,"주차가능,역세권",2025-09-25T02:54:49.652795,2025-09-25T02:54:49.652796
164,서울시,강남구,강남구 상가 164,서울시 강남구 테스트동 164번지,43,141.9,0,7222,108,50,158,2.8,False,True,2005,https://land.naver.com/sample/164,test_sample,78,역세권,2025-09-25T02:54:49.652801,2025-09-25T02:54:49.652802
165,서울시,마포구,마포구 상가 165,서울시 마포구 테스트동 165번지,75,247.5,10,2135,170,50,220,2.4,False,False,2011,https://land.naver.com/sample/165,test_sample,76,"주차가능,역세권",2025-09-25T02:54:49.652808,2025-09-25T02:54:49.652808
166,서울시,강남구,강남구 상가 166,서울시 강남구 테스트동 166번지,46,151.8,2,7498,473,50,523,2.6,True,True,1998,https://land.naver.com/sample/166,test_sample,4,,2025-09-25T02:54:49.652814,2025-09-25T02:54:49.652815
167,서울시,마포구,마포구 상가 167,서울시 마포구 테스트동 167번지,60,198.0,-1,2497,165,50,215,2.5,True,True,2012,https://land.naver.com/sample/167,test_sample,26,주차가능,2025-09-25T02:54:49.652820,2025-09-25T02:54:49.652821
168,서울시,송파구,송파구 상가 168,서울시 송파구 테스트동 168번지,70,231.0,6,969,368,50,418,2.4,True,False,1995,https://land.naver.com/sample/168,test_sample,79,주차가능,2025-09-25T02:54:49.652827,2025-09-25T02:54:49.652827
169,서울시,송파구,송파구 상가 169,서울시 송파구 테스트동 169번지,59,194.7,7,3244,145,50,195,3.0,False,True,1998,https://land.naver.com/sample/169,test_sample,6,"주차가능,역세권",2025-09-25T02:54:49.652833,2025-09-25T02:54:49.652833
170,서울시,서초구,서초구 상가 170,서울시 서초구 테스트동 170번지,34,112.2,6,7813,400,50,450,2.6,False,True,2012,https://land.naver.com/sample/170,test_sample,72,,2025-09-25T02:54:49.652841,2025-09-25T02:54:49.652842
171,서울시,종로구,종로구 상가 171,서울시 종로구 테스트동 171번지,62,204.6,4,1507,130,50,180,2.6,False,False,2021,https://land.naver.com/sample/171,test_sample,75,주차가능,2025-09-25T02:54:49.652847,2025-09-25T02:54:49.652848
172,서울시,서초구,서초구 상가 172,서울시 서초구 테스트동 172번지,66,217.8,1,4114,282,50,332,3.2,False,False,2010,https://land.naver.com/sample/172,test_sample,67,"주차가능,역세권",2025-09-25T02:54:49.652853,2025-09-25T02:54:49.652854
173,서울시,마포구,마포구 상가 173,서울시 마포구 테스트동 173번지,76,250.8,9,1154,197,50,247,2.7,True,False,2014,https://land.naver.com/sample/173,test_sample,5,주차가능,2025-09-25T02:54:49.652859,2025-09-25T02:54:49.652860
174,서울시,강남구,강남구 상가 174,서울시 강남구 테스트동 174번지,35,115.5,3,5033,143,50,193,2.9,True,False,2008,https://land.naver.com/sample/174,test_sample,78,,2025-09-25T02:54:49.652868,2025-09-25T02:54:49.652868
175,서울시,마포구,마포구 상가 175,서울시 마포구 테스트동 175번지,68,224.4,-1,1423,181,50,231,3.0,True,True,2017,https://land.naver.com/sample/175,test_sample,74,,2025-09-25T02:54:49.652874,2025-09-25T02:54:49.652874
176,서울시,서초구,서초구 상가 176,서울시 서초구 테스트동 176번지,42,138.6,1,2788,151,50,201,2.9,False,True,2007,https://land.naver.com/sample/176,test_sample,57,,2025-09-25T02:54:49.652880,2025-09-25T02:54:49.652880
177,서울시,송파구,송파구 상가 177,서울시 송파구 테스트동 177번지,11,36.3,-1,3768,174,16,190,3.1,False,False,1995,https://land.naver.com/sample/177,test_sample,80,,2025-09-25T02:54:49.652886,2025-09-25T02:54:49.652887
178,서울시,송파구,송파구 상가 178,서울시 송파구 테스트동 178번지,78,257.4,6,4734,87,50,137,2.8,False,True,1996,https://land.naver.com/sample/178,test_sample,64,,2025-09-25T02:54:49.652892,2025-09-25T02:54:49.652893
179,서울시,마포구,마포구 상가 179,서울시 마포구 테스트동 179번지,51,168.3,10,2722,238,50,288,2.5,False,False,2003,https://land.naver.com/sample/179,test_sample,66,주차가능,2025-09-25T02:54:49.652898,2025-09-25T02:54:49.652899
180,서울시,마포구,마포구 상가 180,서울시 마포구 테스트동 180번지,17,56.1,6,2050,102,25,127,2.5,False,False,2011,https://land.naver.com/sample/180,test_sample,40,역세권,2025-09-25T02:54:49.652904,2025-09-25T02:54:49.652905
181,서울시,마포구,마포구 상가 181,서울시 마포구 테스트동 181번지,64,211.2,2,1319,144,50,194,2.4,True,False,2016,https://land.naver.com/sample/181,test_sample,61,,2025-09-25T02:54:49.652911,2025-09-25T02:54:49.652911
182,서울시,종로구,종로구 상가 182,서울시 종로구 테스트동 182번지,75,247.5,0,1573,123,50,173,2.5,False,False,2004,https://land.naver.com/sample/182,test_sample,71,역세권,2025-09-25T02:54:49.652917,2025-09-25T02:54:49.652918
183,서울시,종로구,종로구 상가 183,서울시 종로구 테스트동 183번지,73,240.9,2,1449,146,50,196,2.4,True,True,2005,https://land.naver.com/sample/183,test_sample,71,"주차가능,역세권",2025-09-25T02:54:49.652923,2025-09-25T02:54:49.652924
184,서울시,종로구,종로구 상가 184,서울시 종로구 테스트동 184번지,54,178.2,3,2029,240,50,290,3.1,False,True,2018,https://land.naver.com/sample/184,test_sample,95,주차가능,2025-09-25T02:54:49.652929,2025-09-25T02:54:49.652930
185,서울시,강남구,강남구 상가 185,서울시 강남구 테스트동 185번지,29,95.7,5,2710,342,43,385,2.7,True,False,1997,https://land.naver.com/sample/185,test_sample,65,,2025-09-25T02:54:49.652935,2025-09-25T02:54:49.652936
186,서울시,서초구,서초구 상가 186,서울시 서초구 테스트동 186번지,62,204.6,0,6934,496,50,546,3.1,False,False,2022,https://land.naver.com/sample/186,test_sample,71,"주차가능,역세권",2025-09-25T02:54:49.652941,2025-09-25T02:54:49.652942
187,서울시,서초구,서초구 상가 187,서울시 서초구 테스트동 187번지,12,39.6,3,2160,305,18,323,3.1,False,True,2018,https://land.naver.com/sample/187,test_sample,77,역세권,2025-09-25T02:54:49.652948,2025-09-25T02:54:49.652948
188,서울시,마포구,마포구 상가 188,서울시 마포구 테스트동 188번지,30,99.0,-1,577,113,45,158,3.0,True,True,2020,https://land.naver.com/sample/188,test_sample,81,,2025-09-25T02:54:49.652954,2025-09-25T02:54:49.652955
189,서울시,서초구,서초구 상가 189,서울시 서초구 테스트동 189번지,21,69.3,10,2223,157,31,188,3.0,False,False,2008,https://land.naver.com/sample/189,test_sample,57,역세권,2025-09-25T02:54:49.652960,2025-09-25T02:54:49.652961
190,서울시,마포구,마포구 상가 190,서울시 마포구 테스트동 190번지,53,174.9,2,1623,192,50,242,2.4,False,False,1995,https://land.naver.com/sample/190,test_sample,32,주차가능,2025-09-25T02:54:49.652966,2025-09-25T02:54:49.652967
191,서울시,송파구,송파구 상가 191,서울시 송파구 테스트동 191번지,76,250.8,1,1042,200,50,250,2.9,True,True,2015,https://land.naver.com/sample/191,test_sample,55,"주차가능,역세권",2025-09-25T02:54:49.652974,2025-09-25T02:54:49.652975
192,서울시,종로구,종로구 상가 192,서울시 종로구 테스트동 192번지,47,155.1,9,1330,101,50,151,3.0,True,True,2002,https://land.naver.com/sample/192,test_sample,37,주차가능,2025-09-25T02:54:49.652980,2025-09-25T02:54:49.652981
193,서울시,강남구,강남구 상가 193,서울시 강남구 테스트동 193번지,17,56.1,10,4890,193,25,218,2.8,False,False,2011,https://land.naver.com/sample/193,test_sample,65,"주차가능,역세권",2025-09-25T02:54:49.652986,2025-09-25T02:54:49.652987
194,서울시,서초구,서초구 상가 194,서울시 서초구 테스트동 194번지,15,49.5,4,2016,436,22,458,2.6,True,False,2020,https://land.naver.com/sample/194,test_sample,44,"주차가능,역세권",2025-09-25T02:54:49.652992,2025-09-25T02:54:49.652993
195,서울시,송파구,송파구 상가 195,서울시 송파구 테스트동 195번지,38,125.4,-1,599,151,50,201,3.1,False,False,2010,https://land.naver.com/sample/195,test_sample,79,,2025-09-25T02:54:49.652999,2025-09-25T02:54:49.653000
196,서울시,송파구,송파구 상가 196,서울시 송파구 테스트동 196번지,10,33.0,9,4074,221,15,236,3.0,True,False,2000,https://land.naver.com/sample/196,test_sample,31,,2025-09-25T02:54:49.653005,2025-09-25T02:54:49.653006
197,서울시,서초구,서초구 상가 197,서울시 서초구 테스트동 197번지,15,49.5,2,6412,438,22,460,3.2,True,False,1996,https://land.naver.com/sample/197,test_sample,90,"주차가능,역세권",2025-09-25T02:54:49.653011,2025-09-25T02:54:49.653012
198,서울시,송파구,송파구 상가 198,서울시 송파구 테스트동 198번지,41,135.3,10,2479,307,50,357,3.1,True,True,2019,https://land.naver.com/sample/198,test_sample,19,역세권,2025-09-25T02:54:49.653018,2025-09-25T02:54:49.653018
199,서울시,종로구,종로구 상가 199,서울시 종로구 테스트동 199번지,19,62.7,0,2613,155,28,183,2.6,False,False,2006,https://land.naver.com/sample/199,test_sample,48,주차가능,2025-09-25T02:54:49.653024,2025-09-25T02:54:49.653025
200,서울시,송파구,송파구 상가 200,서울시 송파구 테스트동 200번지,23,75.9,-1,4531,192,34,226,3.1,True,False,2010,https://land.naver.com/sample/200,test_sample,89,,2025-09-25T02:54:49.653030,2025-09-25T02:54:49.653031
